metro_name;uci_index_urban;uci_index_iware;moran_poi;moran_len;moran_urban;moran_ware;moran_price;moran_ware_intensity;moran_price_intensity;pop_2000;pop_2015;area;municipalities;number_ware_t0;average_distance_ware_gravity_t0;number_ware_t1;average_distance_ware_gravity_t1;log_sprawl;u_HH;u_HL;u_LH;u_LL;u_NS;cw_HH;cw_HL;cw_LH;cw_LL;cw_NS;pw_HH;pw_HL;pw_LH;pw_LL;pw_NS;cluster
albany;0,113;0,340;0,390;0,666;0,599;0,275;0,273;0,275;0,273;0,0532913482512721;0,0396974865516082;0,13140804597701150;0,03076923076923077;0,0463861920172600;0,381205164992826;0,0127201565557730;0,2938271604938272;1;0,0859950859950860;0,000000000000000000;0,000000000000000000;0,0638820638820639;0,850122850122850;0,01965601965601966;0,002457002457002457;0,02457002457002457;0,3439803439803440;0,609336609336609;0,02948402948402949;0,002457002457002457;0,0368550368550369;0,4103194103194103;0,520884520884521;2
atlanta;0,111;0,335;0,424;0,806;0,753;0,234;0,196;0,234;0,196;0,1725205109647627;0,1659551920944269;0,57057471264367821;0,21538461538461540;0,1305285868392665;0,392395982783357;0,1854207436399217;0,3578875171467764;1;0,1255411255411255;0,000000000000000000;0,000865800865800866;0,1714285714285714;0,702164502164502;0,02251082251082251;0,006926406926406926;0,02857142857142857;0,3627705627705627;0,579220779220779;0,02683982683982684;0,006060606060606061;0,0415584415584416;0,3177489177489177;0,607792207792208;2
austin;0,113;0,325;0,480;0,700;0,674;0,320;0,331;0,320;0,331;0,0676262592685305;0,0700843893452467;0,23324712643678161;0,03076923076923077;0,0291262135922330;0,213342898134864;0,0136986301369863;0,1552812071330590;1;0,0809859154929577;0,000000000000000000;0,000000000000000000;0,0757042253521127;0,843309859154930;0,03345070422535211;0,005281690140845070;0,01584507042253521;0,3362676056338028;0,609154929577465;0,05105633802816902;0,008802816901408451;0,0316901408450704;0,3080985915492958;0,600352112676056;2
belo_horizonte;0,128;0,314;0,324;0,733;0,708;0,558;0,395;0,558;0,395;0,0502414943646444;0,2306796430928217;0,18465517241379312;0,25384615384615383;0,0355987055016181;0,236728837876614;0,0655577299412916;0,1659807956104253;1;0,0725490196078431;0,000000000000000000;0,003921568627450980;0,0823529411764706;0,841176470588235;0,03725490196078431;0,000000000000000000;0,00392156862745098;0,1647058823529412;0,794117647058823;0,05882352941176471;0,003921568627450980;0,0137254901960784;0,2039215686274510;0,719607843137255;2
berlin;0,133;0,222;0,576;0,468;0,583;0,191;0,225;0,191;0,225;0,2249173593870910;0,2000922072157893;0,02137931034482759;0,38461538461538464;0,0075512405609493;0,149497847919656;0,0000000000000000;0,1207133058984911;1;0,1746031746031746;0,000000000000000000;0,000000000000000000;0,0158730158730159;0,809523809523810;0,03174603174603174;0,000000000000000000;0,03174603174603174;0,0952380952380952;0,841269841269841;0,04761904761904762;0,000000000000000000;0,0317460317460317;0,0952380952380952;0,825396825396825;2
birmingham;0,110;0,349;0,471;0,708;0,685;0,181;0,159;0,181;0,159;0,0682629959673785;0,0520065195729234;0,31261494252873562;0,04615384615384616;0,0388349514563107;0,276901004304161;0,0141878669275930;0,2419753086419753;1;0,0772357723577236;0,001355013550135501;0,000000000000000000;0,0718157181571816;0,849593495934959;0,00813008130081301;0,001355013550135501;0,02168021680216802;0,3428184281842818;0,626016260162602;0,00948509485094851;0,005420054200542005;0,0325203252032520;0,4850948509485095;0,467479674796748;2
bordeaux;0,074;0,351;0,254;0,536;0,510;0,311;0,282;0,311;0,282;0,0369581586214926;0,0323247558902480;0,07410919540229885;0,20000000000000001;0,0000000000000000;0,000000000000000;0,0000000000000000;0,0000000000000000;1;0,0443303779748017;0,004199720018665422;0,004199720018665422;0,0611292580494634;0,886140923938404;0,00886607559496034;0,001866542230517966;0,00933271115258983;0,3742417172188521;0,605692953803080;0,00979934671021932;0,003733084461035931;0,0247316845543630;0,4447036864209053;0,517032197853476;2
boston;0,127;0,303;0,436;0,756;0,704;0,151;0,175;0,151;0,175;0,1734031222082164;0,1320727015152413;0,25494252873563217;0,04615384615384616;0,3009708737864077;0,628550932568149;0,1330724070450098;0,5599451303155006;1;0,0544323483670296;0,000000000000000000;0,000000000000000000;0,1601866251944012;0,785381026438569;0,02332814930015552;0,007776049766718507;0,02799377916018662;0,2488335925349922;0,692068429237947;0,02643856920684292;0,009331259720062209;0,0295489891135303;0,1990668740279938;0,735614307931571;3
buffalo;0,167;0,336;0,616;0,780;0,750;0,485;0,386;0,485;0,386;0,0761454602307222;0,0514651683024997;0,09278735632183908;0,00769230769230769;0,0496224379719525;0,215064562410330;0,0171232876712329;0,1288065843621399;0;0,0982142857142857;0,000000000000000000;0,002976190476190476;0,2470238095238095;0,651785714285714;0,02976190476190476;0,005952380952380952;0,01488095238095238;0,4345238095238095;0,514880952380952;0,03571428571428571;0,011904761904761904;0,0208333333333333;0,3571428571428572;0,574404761904762;1
charlotte;0,111;0,330;0,428;0,745;0,691;0,290;0,292;0,290;0,292;0,1373733359218127;0,1246883383593279;0,29807471264367819;0,06923076923076923;0,1218985976267530;0,309899569583931;0,0601761252446184;0,2615912208504801;1;0,1029619181946403;0,000000000000000000;0,000000000000000000;0,1241184767277856;0,772919605077574;0,02256699576868829;0,005641748942172073;0,01269393511988716;0,2496473906911142;0,709449929478138;0,03102961918194640;0,005641748942172073;0,0282087447108604;0,3540197461212976;0,581100141043724;2
chicago;0,156;0,301;0,560;0,838;0,820;0,415;0,200;0,415;0,200;0,1761817967956476;0,1473756420291205;0,63689655172413795;0,10000000000000001;0,2222222222222222;1,000000000000000;0,1922700587084149;1,0000000000000000;1;0,1454545454545454;0,000000000000000000;0,001581027667984190;0,2039525691699605;0,649011857707510;0,04347826086956522;0,005533596837944664;0,01264822134387352;0,2545454545454545;0,683794466403162;0,06166007905138340;0,003162055335968379;0,0229249011857708;0,1351778656126482;0,777075098814229;3
cincinnati;0,118;0,329;0,398;0,761;0,716;0,370;0,306;0,370;0,306;0,0410906707878659;0,0306428640184096;0,23014367816091955;0,10769230769230770;0,1089536138079827;0,318507890961263;0,0489236790606654;0,2216735253772291;0;0,1137521222410866;0,001697792869269949;0,000000000000000000;0,0933786078098472;0,791171477079796;0,02716468590831918;0,005093378607809848;0,00679117147707980;0,2937181663837012;0,667232597623090;0,04244482173174872;0,000000000000000000;0,0373514431239389;0,3921901528013582;0,528013582342954;1
cleveland;0,188;0,319;0,442;0,809;0,774;0,304;0,263;0,304;0,263;0,1298677863101809;0,0869389007162882;0,21333333333333335;0,03076923076923077;0,1477885652642934;0,519368723098996;0,0626223091976517;0,4204389574759945;0;0,1219963031423290;0,000000000000000000;0,001848428835489834;0,3807763401109057;0,495378927911275;0,03327171903881700;0,007393715341959334;0,01848428835489834;0,2902033271719039;0,650646950092421;0,04251386321626617;0,009242144177449169;0,0369685767097967;0,3567467652495379;0,554528650646950;1
columbus;0,115;0,339;0,418;0,800;0,755;0,343;0,354;0,343;0,354;0,1063961984687103;0,0817267552982421;0,27681034482758621;0,06923076923076923;0,2125134843581445;0,295839311334290;0,0846379647749511;0,2126200274348423;1;0,0786686838124055;0,000000000000000000;0,000000000000000000;0,0922844175491679;0,829046898638427;0,02420574886535552;0,003025718608169440;0,02118003025718608;0,3403933434190620;0,611195158850227;0,02723146747352496;0,007564296520423601;0,0287443267776097;0,4054462934947050;0,531013615733737;2
dallas;0,142;0,325;0,466;0,830;0,748;0,192;0,180;0,192;0,180;0,1874867789298932;0,1992567531149480;0,63068965517241382;0,09230769230769231;0,3527508090614886;0,423242467718795;0,1859099804305284;0,3165980795610425;0;0,1343523732904264;0,000804505229283990;0,001609010458567981;0,1263073209975865;0,736926790024135;0,02172164119066774;0,008849557522123894;0,02091713596138375;0,2783588093322606;0,670152855993564;0,02574416733708769;0,011263073209975865;0,0418342719227675;0,3378921962992760;0,583266291230893;1
dayton;0,138;0,309;0,388;0,639;0,583;0,280;0,244;0,280;0,244;0,0163375067138960;0,0115526891523559;0,00959770114942529;0,01538461538461539;0,0463861920172600;0,290961262553802;0,0132093933463796;0,2991769547325103;1;0,1151832460732984;0,000000000000000000;0,000000000000000000;0,0523560209424084;0,832460732984293;0,04188481675392670;0,005235602094240838;0,02617801047120419;0,1727748691099476;0,753926701570681;0,05759162303664921;0,005235602094240838;0,0471204188481675;0,2146596858638743;0,675392670157068;2
denver;0,156;0,345;0,511;0,838;0,796;0,459;0,268;0,459;0,268;0,1522620292062031;0,1337481978323055;0,54238505747126442;0,06923076923076923;0,1154261057173678;0,226829268292683;0,0611545988258317;0,1307270233196159;0;0,0711071107110711;0,000000000000000000;0,002700270027002700;0,1134113411341134;0,812781278127813;0,01710171017101710;0,002700270027002700;0,01260126012601260;0,4023402340234024;0,565256525652565;0,02340234023402340;0,001800180018001800;0,0315031503150315;0,3366336633663367;0,606660666066607;1
detroit;0,134;0,297;0,475;0,818;0,782;0,292;0,351;0,292;0,351;0,1446500136585900;0,1078901356770601;0,23436781609195403;0,03846153846153846;0,1995685005393743;0,433715925394548;0,0919765166340509;0,4067215363511660;1;0,1431005110732538;0,000000000000000000;0,003407155025553663;0,1226575809199319;0,730834752981261;0,04599659284497445;0,010221465076660987;0,01362862010221465;0,2810902896081772;0,649063032367973;0,07836456558773425;0,008517887563884156;0,0425894378194208;0,2640545144804088;0,606473594548552;2
grand_rapids;0,147;0,345;0,439;0,785;0,708;0,254;0,155;0,254;0,155;0,0151058094071123;0,0129180010628671;0,20178160919540231;0,02307692307692308;0,0550161812297735;0,299282639885222;0,0244618395303327;0,2418381344307270;1;0,0948905109489051;0,000000000000000000;0,001824817518248175;0,2481751824817518;0,655109489051095;0,01277372262773723;0,000000000000000000;0,02007299270072993;0,3394160583941606;0,627737226277372;0,01094890510948905;0,001824817518248175;0,0328467153284672;0,3941605839416059;0,560218978102190;2
greensboro;0,105;0,333;0,329;0,672;0,584;0,360;0,292;0,360;0,292;0,0462950153153540;0,0379944615422547;0,06324712643678161;0,01538461538461539;0,0830636461704423;0,434433285509326;0,0322896281800391;0,2882030178326475;0;0,0782918149466192;0,000000000000000000;0,003558718861209964;0,0854092526690391;0,832740213523132;0,03914590747330961;0,003558718861209964;0,03558718861209965;0,3736654804270463;0,548042704626335;0,03558718861209965;0,010676156583629894;0,0284697508896797;0,3167259786476868;0,608540925266904;1
greenville;0,105;0,329;0,490;0,684;0,654;0,318;0,365;0,318;0,365;0,0285585076809893;0,0252330125375582;0,12028735632183908;0,02307692307692308;0,0970873786407767;0,440889526542324;0,0366927592954990;0,3006858710562414;0;0,0673575129533679;0,002590673575129534;0,000000000000000000;0,0880829015544041;0,841968911917098;0,03367875647668394;0,015544041450777202;0,02072538860103627;0,3186528497409327;0,611398963730570;0,04145077720207254;0,007772020725388601;0,0233160621761658;0,3082901554404145;0,619170984455959;1
houston;0,149;0,316;0,537;0,825;0,787;0,433;0,307;0,433;0,307;0,0776923046780123;0,0806382133378183;0,62086206896551721;0,06153846153846154;0,2265372168284790;0,321233859397417;0,1350293542074364;0,2640603566529492;1;0,1273166800966962;0,000805801772763900;0,000805801772763900;0,1394037066881547;0,731668009669621;0,04915390813859791;0,004834810636583401;0,01692183722804190;0,2908944399677679;0,638195004029009;0,05882352941176471;0,007252215954875101;0,0483481063658340;0,3400483481063659;0,545527800161160;2
indianapolis;0,148;0,341;0,574;0,781;0,733;0,289;0,180;0,289;0,180;0,0531777093139894;0,0468696841295745;0,23833333333333334;0,07692307692307693;0,1186623516720604;0,395982783357245;0,0728962818003914;0,3017832647462277;0;0,0933786078098472;0,000000000000000000;0,001697792869269949;0,1035653650254669;0,801358234295416;0,01697792869269949;0,001697792869269949;0,01867572156196944;0,3565365025466893;0,606112054329372;0,01867572156196944;0,005093378607809848;0,0390492359932088;0,4040747028862479;0,533106960950764;1
kansas_city;0,147;0,337;0,342;0,736;0,631;0,352;0,299;0,352;0,299;0,0469201955121055;0,0358768840875677;0,46451149425287358;0,10000000000000001;0,1596548004314995;0,267001434720230;0,0640900195694716;0,2396433470507545;1;0,0736196319018405;0,000000000000000000;0,002044989775051125;0,2607361963190184;0,663599182004090;0,01840490797546012;0,001022494887525562;0,01226993865030675;0,2975460122699387;0,670756646216769;0,03271983640081800;0,002044989775051125;0,0439672801635992;0,4049079754601227;0,516359918200409;2
las_vegas;0,193;0,351;0,447;0,826;0,809;0,265;0,489;0,265;0,489;0,0000000000000000;0,0000000000000000;0,51307471264367821;0,00000000000000000;0,0431499460625674;0,135294117647059;0,0283757338551859;0,1871056241426612;1;0,0591085271317829;0,000000000000000000;0,000000000000000000;0,0968992248062016;0,843992248062015;0,01453488372093023;0,000000000000000000;0,00968992248062015;0,2160852713178295;0,759689922480620;0,01647286821705427;0,000968992248062015;0,0155038759689922;0,5155038759689923;0,451550387596899;2
los_angeles;0,172;0,293;0,454;0,835;0,794;0,335;0,518;0,335;0,518;0,8197183680439073;0,6123133338001779;0,33698275862068966;0,00769230769230769;0,2254584681769148;0,579483500717360;0,2411937377690802;0,6109739368998628;1;0,1901041666666667;0,000000000000000000;0,000000000000000000;0,1744791666666667;0,635416666666667;0,05468750000000000;0,001302083333333333;0,01562500000000000;0,2565104166666667;0,671875000000000;0,09765625000000000;0,002604166666666667;0,0325520833333333;0,2669270833333333;0,600260416666667;3
louisville;0,120;0,343;0,521;0,794;0,747;0,217;0,160;0,217;0,160;0,0738584683158238;0,0566438529194804;0,18477011494252873;0,08461538461538462;0,0755124056094930;0,232568149210904;0,0327788649706458;0,1411522633744856;0;0,0747474747474747;0,000000000000000000;0,000000000000000000;0,0888888888888889;0,836363636363636;0,01212121212121212;0,006060606060606061;0,02424242424242424;0,3757575757575757;0,581818181818182;0,01616161616161616;0,006060606060606061;0,0323232323232323;0,4484848484848485;0,496969696969697;1
miami;0,207;0,326;0,626;0,827;0,804;0,382;0,449;0,382;0,449;0,3310482896410105;0,2755938168332577;0,37962643678160918;0,01538461538461539;0,1963322545846818;0,564418938307030;0,1042074363992172;0,5437585733882030;1;0,1612121212121212;0,000000000000000000;0,000000000000000000;0,2266666666666667;0,612121212121212;0,01333333333333333;0,001212121212121212;0,00969696969696970;0,2727272727272727;0,703030303030303;0,06424242424242424;0,002424242424242424;0,0412121212121212;0,4363636363636363;0,455757575757576;3
milwaukee;0,208;0,337;0,093;0,793;0,663;0,437;0,377;0,437;0,377;0,0915085678511793;0,0665929725736829;0,16563218390804599;0,02307692307692308;0,0970873786407767;0,321951219512195;0,0371819960861057;0,3303155006858711;1;0,0903083700440529;0,000000000000000000;0,002202643171806168;0,3171806167400881;0,590308370044053;0,03083700440528634;0,000000000000000000;0,02863436123348018;0,3634361233480176;0,577092511013216;0,04405286343612335;0,000000000000000000;0,0440528634361234;0,4647577092511013;0,447136563876652;2
montreal;0,146;0,346;0,423;0,663;0,653;0,305;0,007;0,305;0,007;0,0855058948455278;0,0665944092562772;0,05005747126436782;0,29999999999999999;0,0733549083063646;0,107604017216643;0,0234833659491194;0,0301783264746228;1;0,1023102310231023;0,000000000000000000;0,003300330033003300;0,0693069306930693;0,825082508250825;0,01980198019801980;0,003300330033003300;0,02310231023102310;0,3630363036303630;0,590759075907591;0,01650165016501650;0,000000000000000000;0,0231023102310231;0,5544554455445545;0,405940594059406;2
nashville;0,105;0,345;0,414;0,708;0,651;0,179;0,151;0,179;0,151;0,0324771581418978;0,0248829717751655;0,38770114942528738;0,10000000000000001;0,1132686084142395;0,387230989956958;0,0484344422700587;0,3219478737997257;1;0,0685579196217494;0,000000000000000000;0,000000000000000000;0,1122931442080378;0,819148936170213;0,00945626477541371;0,002364066193853428;0,02009456264775414;0,3522458628841608;0,615839243498818;0,01063829787234043;0,003546099290780142;0,0390070921985816;0,4278959810874705;0,518912529550827;2
new_orleans;0,260;0,355;0,485;0,743;0,724;0,178;0,239;0,178;0,239;0,0872847327515719;0,0573638626221858;0,50307471264367820;0,05384615384615385;0,0711974110032362;0,260258249641320;0,0298434442270059;0,3153635116598080;1;0,0474383301707780;0,000000000000000000;0,001897533206831120;0,1963946869070209;0,754269449715370;0,00474383301707780;0,000000000000000000;0,01328273244781784;0,3254269449715370;0,656546489563567;0,00569259962049336;0,000000000000000000;0,0189753320683112;0,5351043643263758;0,440227703984820;2
new_york;0,144;0,295;0,545;0,803;0,798;0,445;0,435;0,445;0,435;0,9936095200073271;0,7459496557685332;0,73178160919540225;0,18461538461538463;1,0000000000000000;0,580774748923960;0,4363992172211350;0,5233196159122085;1;0,1358609794628752;0,000789889415481833;0,002369668246445498;0,1840442338072670;0,676935229067930;0,04818325434439179;0,003949447077409162;0,01026856240126382;0,2030015797788310;0,734597156398104;0,06240126382306477;0,006319115323854660;0,0244865718799368;0,2575039494470774;0,649289099526066;4
orlando;0,161;0,330;0,423;0,774;0,716;0,407;0,331;0,407;0,331;0,2270812811963291;0,1836674029742203;0,21488505747126438;0,02307692307692308;0,0690399137001079;0,263988522238164;0,0337573385518591;0,1705075445816187;0;0,1335740072202166;0,000000000000000000;0,001805054151624549;0,1317689530685921;0,732851985559567;0,03068592057761733;0,005415162454873646;0,02166064981949458;0,3880866425992780;0,554151624548736;0,03610108303249097;0,007220216606498195;0,0379061371841155;0,3194945848375451;0,599277978339350;1
paris;0,118;0,277;0,667;0,829;0,828;0,480;0,584;0,480;0,584;0,7529299551773760;0,5504573818072512;0,25798850574712645;1,00000000000000000;0,7572815533980582;0,230989956958393;0,4564579256360078;0,2002743484224966;1;0,1144674085850556;0,000000000000000000;0,000000000000000000;0,1240063593004769;0,761526232114467;0,06836248012718601;0,001589825119236884;0,01589825119236884;0,1558028616852146;0,758346581875994;0,10810810810810811;0,003179650238473768;0,0095389507154213;0,1780604133545310;0,701112877583466;4
philadelphia;0,116;0,309;0,481;0,722;0,700;0,320;0,187;0,320;0,187;0,2816417193445019;0,2104853544808068;0,27824712643678162;0,07692307692307693;0,2988133764832794;0,467575322812052;0,1555772994129158;0,3978052126200274;1;0,0991869918699187;0,000000000000000000;0,003252032520325203;0,1317073170731707;0,765853658536585;0,04227642276422764;0,014634146341463415;0,01300813008130081;0,2406504065040651;0,689430894308943;0,03577235772357724;0,004878048780487805;0,0260162601626016;0,2504065040650407;0,682926829268293;3
phoenix;0,175;0,345;0,654;0,864;0,852;0,363;0,412;0,363;0,412;0,2144158198152700;0,2111462748187498;1,00000000000000000;0,00769230769230769;0,0323624595469256;0,237589670014347;0,0787671232876712;0,1879286694101509;1;0,0775488069414317;0,000000000000000000;0,000000000000000000;0,1377440347071583;0,784707158351410;0,01843817787418655;0,001084598698481562;0,01084598698481562;0,1919739696312364;0,777657266811280;0,02765726681127983;0,001626898047722343;0,0314533622559653;0,4685466377440347;0,470715835140998;2
pittisburg;0,111;0,329;0,509;0,744;0,701;0,186;0,185;0,186;0,185;0,1171865177595874;0,0782872444784696;0,31439655172413794;0,04615384615384616;0,0873786407766990;0,348637015781923;0,0371819960861057;0,2843621399176955;1;0,0691562932226833;0,001383125864453665;0,002766251728907331;0,1009681881051176;0,825726141078838;0,01936376210235131;0,011065006915629323;0,04011065006915630;0,3554633471645920;0,573997233748271;0,01659751037344398;0,006915629322268326;0,0262793914246196;0,3347164591977870;0,615491009681881;2
portland;0,102;0,341;0,239;0,759;0,727;0,505;0,449;0,505;0,449;0,0755522264564331;0,0622573889165128;0,44017241379310346;0,04615384615384616;0,1607335490830636;0,331850789096126;0,0689823874755382;0,2570644718792867;1;0,0821052631578947;0,001052631578947368;0,000000000000000000;0,0684210526315790;0,848421052631579;0,02421052631578947;0,002105263157894737;0,01368421052631579;0,3126315789473684;0,647368421052632;0,03473684210526316;0,002105263157894737;0,0252631578947368;0,4105263157894737;0,527368421052632;2
raleigh;0,142;0,330;0,507;0,768;0,705;0,120;0,188;0,120;0,188;0,0503186041286334;0,0563747298283623;0,07267241379310345;0,01538461538461539;0,0701186623516721;0,428407460545194;0,0269080234833659;0,3347050754458162;0;0,1066666666666667;0,000000000000000000;0,003333333333333334;0,1166666666666667;0,773333333333333;0,01666666666666667;0,010000000000000000;0,02666666666666667;0,3000000000000000;0,646666666666667;0,02333333333333333;0,010000000000000000;0,0466666666666667;0,2333333333333333;0,686666666666667;1
richmond;0,093;0,348;0,400;0,699;0,651;0,249;0,147;0,249;0,147;0,0642077263983517;0,0539370502227623;0,26350574712643676;0,12307692307692308;0,0507011866235167;0,251506456241033;0,0318003913894325;0,1835390946502058;1;0,0796875000000000;0,001562500000000000;0,000000000000000000;0,0546875000000000;0,864062500000000;0,00937500000000000;0,012500000000000001;0,01093750000000000;0,3218750000000000;0,645312500000000;0,01093750000000000;0,007812500000000000;0,0218750000000000;0,3437500000000000;0,615625000000000;2
rochester;0,157;0,347;0,539;0,823;0,769;0,355;0,260;0,355;0,260;0,0156655691753287;0,0111745635624760;0,31198275862068964;0,03846153846153846;0,0366774541531823;0,352654232424677;0,0127201565557730;0,2525377229080933;0;0,0514603616133519;0,000000000000000000;0,001390820584144645;0,2976356050069541;0,649513212795549;0,01390820584144645;0,005563282336578581;0,01390820584144645;0,3379694019471488;0,628650904033380;0,01529902642559110;0,002781641168289291;0,0264255910987483;0,3963838664812239;0,559109874826147;1
saint_louis;0,112;0,342;0,481;0,764;0,721;0,195;0,318;0,195;0,318;0,1411377004380645;0,1060909919676930;0,51718390804597703;0,10769230769230770;0,1477885652642934;0,324390243902439;0,0596868884540117;0,1934156378600823;0;0,0837209302325581;0,001860465116279070;0,001860465116279070;0,0958139534883721;0,816744186046512;0,01674418604651163;0,002790697674418605;0,01395348837209302;0,2595348837209303;0,706976744186047;0,02325581395348837;0,003720930232558140;0,0316279069767442;0,3841860465116279;0,557209302325581;1
salt_lake_city;0,178;0,352;0,343;0,690;0,657;0,491;0,341;0,491;0,341;0,0608129706991531;0,0529440244825544;0,52112068965517244;0,00769230769230769;0,0830636461704423;0,312912482065997;0,0464774951076321;0,2266117969821674;1;0,0425733207190161;0,000000000000000000;0,000946073793755913;0,1627246925260170;0,793755912961211;0,00946073793755913;0,000946073793755913;0,00946073793755913;0,4068117313150426;0,573320719016083;0,01040681173131504;0,000946073793755913;0,0217596972563860;0,4881740775780511;0,478713339640492;2
san_antonio;0,113;0,340;0,432;0,814;0,777;0,242;0,261;0,242;0,261;0,1145237402765152;0,1104309320172456;0,46597701149425286;0,05384615384615385;0,0388349514563107;0,180631276901004;0,0220156555772994;0,1567901234567901;1;0,0697435897435897;0,000000000000000000;0,001025641025641026;0,1405128205128205;0,788717948717949;0,01948717948717949;0,006153846153846154;0,01641025641025641;0,3251282051282051;0,632820512820513;0,02153846153846154;0,008205128205128205;0,0369230769230769;0,3969230769230769;0,536410256410256;2
san_diego;0,164;0,335;0,543;0,712;0,717;0,212;0,352;0,212;0,352;0,1853223257872253;0,1510063243231244;0,24988505747126435;0,00000000000000000;0,0787486515641855;0,292395982783357;0,0313111545988258;0,1898491083676269;0;0,1334459459459459;0,000000000000000000;0,001689189189189189;0,1385135135135135;0,726351351351351;0,01689189189189189;0,005067567567567568;0,01520270270270270;0,3209459459459459;0,641891891891892;0,03885135135135135;0,005067567567567568;0,0388513513513514;0,3699324324324325;0,547297297297297;1
san_francisco;0,169;0,318;0,404;0,617;0,590;0,166;0,270;0,166;0,270;0,2723212011536046;0,2143628217688186;0,16847701149425287;0,03076923076923077;0,3171521035598706;0,785796269727403;0,1599804305283757;0,6912208504801097;1;0,1113402061855670;0,000000000000000000;0,004123711340206186;0,1608247422680412;0,723711340206186;0,02061855670103093;0,002061855670103093;0,02680412371134020;0,2515463917525773;0,698969072164948;0,03917525773195876;0,002061855670103093;0,0309278350515464;0,2927835051546392;0,635051546391753;3
sao_paulo;0,154;0,285;0,509;0,839;0,832;0,336;0,466;0,336;0,466;1,0000000000000000;1,0000000000000000;0,14109195402298852;0,29230769230769232;0,2340884573894283;0,232424677187948;1,0000000000000000;0,1467764060356653;0;0,1495327102803738;0,000000000000000000;0,000000000000000000;0,1401869158878505;0,710280373831776;0,03971962616822430;0,000000000000000000;0,00467289719626168;0,1238317757009346;0,831775700934579;0,10046728971962617;0,000000000000000000;0,0186915887850467;0,2242990654205607;0,656542056074766;4
seattle;0,148;0,338;0,381;0,759;0,721;0,302;0,394;0,302;0,394;0,0397491867111650;0,0355259627777785;0,40793103448275864;0,01538461538461539;0,0798274002157497;0,276901004304161;0,0929549902152642;0,1702331961591221;0;0,1174458380843786;0,000000000000000000;0,000000000000000000;0,1812998859749145;0,701254275940707;0,01824401368301026;0,001140250855188141;0,01482326111744584;0,2542759407069555;0,711516533637400;0,03534777651083238;0,004561003420752566;0,0399087799315849;0,4253135689851767;0,494868871151653;1
tampa;0,152;0,322;0,462;0,691;0,640;0,163;0,255;0,163;0,255;0,1575733710031024;0,1372455930572453;0,16396551724137931;0,02307692307692308;0,0560949298813377;0,223959827833572;0,0278864970645793;0,1338820301783265;0;0,0993377483443709;0,000000000000000000;0,006622516556291391;0,1390728476821192;0,754966887417219;0,02428256070640177;0,006622516556291391;0,01324503311258278;0,2825607064017660;0,673289183222958;0,03752759381898454;0,006622516556291391;0,0375275938189845;0,3377483443708609;0,580573951434879;1
toronto;0,172;0,341;0,389;0,734;0,681;0,220;0,232;0,220;0,232;0,1599945246090067;0,1261855933455087;0,14068965517241380;0,15384615384615385;0,1661272923408846;0,220946915351506;0,1007827788649706;0,1508916323731138;1;0,1551246537396122;0,000000000000000000;0,005540166204986150;0,1052631578947368;0,734072022160665;0,01662049861495845;0,008310249307479225;0,03047091412742382;0,3961218836565097;0,548476454293629;0,02216066481994460;0,005540166204986150;0,0443213296398892;0,3711911357340720;0,556786703601108;2
tucson;0,145;0,354;0,393;0,780;0,748;0,187;0,275;0,187;0,275;0,0544723696321957;0,0457231187301839;0,59807471264367817;0,00000000000000000;0,0237324703344121;0,794261119081779;0,0161448140900196;0,5336076817558300;0;0,0440304826418290;0,000000000000000000;0,000846740050804403;0,1405588484335309;0,814563928873836;0,00592718035563082;0,000846740050804403;0,01270110076206605;0,3920406435224386;0,588484335309060;0,00592718035563082;0,001693480101608806;0,0186282811176969;0,5156646909398814;0,458086367485182;1
tulsa;0,105;0,351;0,543;0,736;0,718;0,256;0,295;0,256;0,295;0,0530681882107871;0,0425105110710992;0,39387931034482759;0,04615384615384616;0,0302049622437972;0,262553802008608;0,0073385518590998;0,2294924554183813;1;0,0458190148911798;0,000000000000000000;0,000000000000000000;0,0504009163802978;0,903780068728522;0,01145475372279496;0,003436426116838488;0,01489117983963345;0,3379152348224513;0,632302405498282;0,01260022909507446;0,002290950744558992;0,0229095074455899;0,4558991981672394;0,506300114547537;2
vancouver;0,181;0,335;0,551;0,710;0,706;0,305;0,349;0,305;0,349;0,1005012533159357;0,0812797152884393;0,00000000000000000;0,06153846153846154;0,1337648327939590;0,164992826398852;0,0547945205479452;0,1385459533607682;1;0,1162790697674419;0,000000000000000000;0,000000000000000000;0,1860465116279070;0,697674418604651;0,04069767441860465;0,000000000000000000;0,02906976744186046;0,5348837209302325;0,395348837209302;0,04651162790697674;0,000000000000000000;0,0465116279069767;0,3372093023255814;0,569767441860465;2
virginia_beach;0,168;0,350;0,395;0,716;0,647;0,246;0,308;0,246;0,308;0,1267361070753754;0,0966021668788400;0,20589080459770115;0,11538461538461539;0,0852211434735707;0,407747489239598;0,0371819960861057;0,2839506172839506;0;0,0996376811594203;0,001811594202898551;0,001811594202898551;0,1286231884057971;0,768115942028985;0,01449275362318841;0,001811594202898551;0,01811594202898551;0,3858695652173913;0,579710144927536;0,01811594202898551;0,001811594202898551;0,0362318840579710;0,4909420289855073;0,452898550724638;1
washington;0,121;0,326;0,438;0,781;0,773;0,261;0,288;0,261;0,288;0,3112214498774247;0,2640578117368348;0,41255747126436781;0,17692307692307693;0,2955771305285869;0,725538020086083;0,1448140900195695;0,6599451303155007;1;0,1144114411441144;0,001100110011001100;0,001100110011001100;0,1034103410341034;0,779977997799780;0,02970297029702970;0,007700770077007701;0,02420242024202420;0,2948294829482948;0,643564356435644;0,03300330033003300;0,005500550055005501;0,0319031903190319;0,3168316831683168;0,612761276127613;3
